{
  "hash": "a9ae65f8",
  "configHash": "6ec1a295",
  "lockfileHash": "e948d8b5",
  "browserHash": "5e92fe49",
  "optimized": {
    "@angular/common": {
      "src": "../../../../../../node_modules/@angular/common/fesm2022/common.mjs",
      "file": "@angular_common.js",
      "fileHash": "9bee0a6d",
      "needsInterop": false
    },
    "@angular/core": {
      "src": "../../../../../../node_modules/@angular/core/fesm2022/core.mjs",
      "file": "@angular_core.js",
      "fileHash": "98ea3c5a",
      "needsInterop": false
    },
    "@angular/forms": {
      "src": "../../../../../../node_modules/@angular/forms/fesm2022/forms.mjs",
      "file": "@angular_forms.js",
      "fileHash": "84520d61",
      "needsInterop": false
    },
    "@angular/platform-browser": {
      "src": "../../../../../../node_modules/@angular/platform-browser/fesm2022/platform-browser.mjs",
      "file": "@angular_platform-browser.js",
      "fileHash": "85372130",
      "needsInterop": false
    },
    "@angular/router": {
      "src": "../../../../../../node_modules/@angular/router/fesm2022/router.mjs",
      "file": "@angular_router.js",
      "fileHash": "5f61ccd9",
      "needsInterop": false
    }
  },
  "chunks": {
    "chunk-UJTWSPMY": {
      "file": "chunk-UJTWSPMY.js"
    },
    "chunk-7VSUUCKJ": {
      "file": "chunk-7VSUUCKJ.js"
    },
    "chunk-UXJAXTXK": {
      "file": "chunk-UXJAXTXK.js"
    }
  }
}