{
  "hash": "dce30c80",
  "configHash": "c4f5404a",
  "lockfileHash": "bc99072b",
  "browserHash": "b7f18937",
  "optimized": {
    "@angular/core": {
      "src": "../../../../../../node_modules/@angular/core/fesm2022/core.mjs",
      "file": "@angular_core.js",
      "fileHash": "237dd5e1",
      "needsInterop": false
    },
    "@angular/platform-browser": {
      "src": "../../../../../../node_modules/@angular/platform-browser/fesm2022/platform-browser.mjs",
      "file": "@angular_platform-browser.js",
      "fileHash": "71e66b08",
      "needsInterop": false
    },
    "@angular/router": {
      "src": "../../../../../../node_modules/@angular/router/fesm2022/router.mjs",
      "file": "@angular_router.js",
      "fileHash": "02686f2f",
      "needsInterop": false
    }
  },
  "chunks": {
    "chunk-PNYTT2B3": {
      "file": "chunk-PNYTT2B3.js"
    },
    "chunk-KT3ROZER": {
      "file": "chunk-KT3ROZER.js"
    }
  }
}