{
  "hash": "3150efd9",
  "configHash": "17bcaf05",
  "lockfileHash": "7cfdeb0c",
  "browserHash": "c57bf8b0",
  "optimized": {
    "@angular/common": {
      "src": "../../../../../../node_modules/@angular/common/fesm2022/common.mjs",
      "file": "@angular_common.js",
      "fileHash": "26f68bd3",
      "needsInterop": false
    },
    "@angular/core": {
      "src": "../../../../../../node_modules/@angular/core/fesm2022/core.mjs",
      "file": "@angular_core.js",
      "fileHash": "eed5e1f0",
      "needsInterop": false
    },
    "@angular/platform-browser": {
      "src": "../../../../../../node_modules/@angular/platform-browser/fesm2022/platform-browser.mjs",
      "file": "@angular_platform-browser.js",
      "fileHash": "d33bcd4f",
      "needsInterop": false
    },
    "@angular/router": {
      "src": "../../../../../../node_modules/@angular/router/fesm2022/router.mjs",
      "file": "@angular_router.js",
      "fileHash": "ad4eaae3",
      "needsInterop": false
    }
  },
  "chunks": {
    "chunk-76GYUIVX": {
      "file": "chunk-76GYUIVX.js"
    },
    "chunk-43MIBKBZ": {
      "file": "chunk-43MIBKBZ.js"
    },
    "chunk-UX4SMXDU": {
      "file": "chunk-UX4SMXDU.js"
    }
  }
}