{
  "hash": "6a9b43f7",
  "configHash": "db7a781f",
  "lockfileHash": "06adb025",
  "browserHash": "f9dba0fc",
  "optimized": {
    "@angular/core": {
      "src": "../../../../../../node_modules/@angular/core/fesm2022/core.mjs",
      "file": "@angular_core.js",
      "fileHash": "5849d0c3",
      "needsInterop": false
    },
    "@angular/forms": {
      "src": "../../../../../../node_modules/@angular/forms/fesm2022/forms.mjs",
      "file": "@angular_forms.js",
      "fileHash": "504cf056",
      "needsInterop": false
    },
    "@angular/platform-browser": {
      "src": "../../../../../../node_modules/@angular/platform-browser/fesm2022/platform-browser.mjs",
      "file": "@angular_platform-browser.js",
      "fileHash": "80f3cf7b",
      "needsInterop": false
    },
    "@angular/router": {
      "src": "../../../../../../node_modules/@angular/router/fesm2022/router.mjs",
      "file": "@angular_router.js",
      "fileHash": "d894ac1e",
      "needsInterop": false
    }
  },
  "chunks": {
    "chunk-GG7B7IAB": {
      "file": "chunk-GG7B7IAB.js"
    },
    "chunk-ETIW6Y7W": {
      "file": "chunk-ETIW6Y7W.js"
    },
    "chunk-LEHRZ7IK": {
      "file": "chunk-LEHRZ7IK.js"
    }
  }
}