{
  "hash": "f97c6802",
  "configHash": "ecae082b",
  "lockfileHash": "a491b8fb",
  "browserHash": "c9e37760",
  "optimized": {
    "@angular/core": {
      "src": "../../../../../../node_modules/@angular/core/fesm2022/core.mjs",
      "file": "@angular_core.js",
      "fileHash": "f289af65",
      "needsInterop": false
    },
    "@angular/platform-browser": {
      "src": "../../../../../../node_modules/@angular/platform-browser/fesm2022/platform-browser.mjs",
      "file": "@angular_platform-browser.js",
      "fileHash": "881b12a6",
      "needsInterop": false
    },
    "@angular/router": {
      "src": "../../../../../../node_modules/@angular/router/fesm2022/router.mjs",
      "file": "@angular_router.js",
      "fileHash": "100e0f5f",
      "needsInterop": false
    }
  },
  "chunks": {
    "chunk-PNYTT2B3": {
      "file": "chunk-PNYTT2B3.js"
    },
    "chunk-KT3ROZER": {
      "file": "chunk-KT3ROZER.js"
    }
  }
}